date,author,title,url,stamp,delta
May 13 2014,Rachel D. '16,Advice for the Incoming Froshies,http://mitadmissions.org/blogs/entry/advice-for-the-incoming-froshies,1399953600.0,1
May 12 2014,Erick P. '17,MIT: The Sunsical,http://mitadmissions.org/blogs/entry/mit-the-sunsical,1399867200.0,2
May 9 2014,Michael C. '16,Do You Want To Build a Robot?,http://mitadmissions.org/blogs/entry/do-you-want-to-build-a-robot,1399608000.0,5
May 9 2014,Natnael G. '15,Whats Making Me Happy: Week 2,http://mitadmissions.org/blogs/entry/whats-making-me-happy-week-2,1399608000.0,5
May 8 2014,Erick P. '17,Batman Picks a Username,http://mitadmissions.org/blogs/entry/batman-picks-a-username,1399521600.0,6
May 8 2014,Rachel D. '16,Study Break on the Roof!,http://mitadmissions.org/blogs/entry/study-break-on-the-roof,1399521600.0,6
May 5 2014,Anna H. '14,"Advocating for Science on Capitol Hill, Part 2",http://mitadmissions.org/blogs/entry/advocating-for-science-on-capitol-hill-part-2,1399262400.0,9
May 4 2014,Anastassia B. '16,Happenings,http://mitadmissions.org/blogs/entry/happenings,1399176000.0,10
May 3 2014,Rachel D. '16,A Faculty Dinner,http://mitadmissions.org/blogs/entry/a-faculty-dinner,1399089600.0,11
May 3 2014,Ceri R. '16,Gettin Fancy,http://mitadmissions.org/blogs/entry/gettin-fancy1,1399089600.0,11
May 2 2014,Natnael G. '15,Whats Making Me Happy This Week: Week 1,http://mitadmissions.org/blogs/entry/things-that-are-making-me-happy-week-1,1399003200.0,12
May 1 2014,Krystal L. '17,Theres No I in Team,http://mitadmissions.org/blogs/entry/theres-no-i-in-team,1398916800.0,13
Apr 30 2014,Anna H. '14,Books write our life stories,http://mitadmissions.org/blogs/entry/books-write-our-life-stories,1398830400.0,14
Apr 27 2014,Rachel D. '16,SpringFest 2014!,http://mitadmissions.org/blogs/entry/springfest-2014,1398571200.0,17
Apr 25 2014,Rachel D. '16,Class of 2016 Ring Delivery!,http://mitadmissions.org/blogs/entry/class-of-2016-ring-delivery,1398398400.0,19
Apr 25 2014,Allan K. '17,Have you ever wanted to copy-paste the text in an image file?,http://mitadmissions.org/blogs/entry/have-you-ever-wanted-to-copy-paste-the-text-in-an-image-file,1398398400.0,19
Apr 24 2014,Anna H. '14,"Advocating for Science on Capitol Hill, Part 1",http://mitadmissions.org/blogs/entry/science-advocacy-on-capitol-hill-preparing,1398312000.0,20
